path;metodo;guard;origen;consumidores
/api/audit-log;GET;authorize(Roles.MANAGEMENT);src/api/routes/audit-log.routes.ts:31;-
/api/login;POST;SIN-GUARD;src/api/routes/auth.routes.ts:211;src/app/login/page.tsx:66
/api/login/select-business;POST;SIN-GUARD;src/api/routes/auth.routes.ts:270;src/app/login/page.tsx:118
/api/login/google;POST;SIN-GUARD;src/api/routes/auth.routes.ts:314;src/app/login/page.tsx:92
/api/business-profile;GET;authorize(Roles.MANAGEMENT);src/api/routes/business-profile.routes.ts:39;src/lib/negocio/api.ts:6
/api/business-profile;PUT;authorize(Roles.MANAGEMENT);src/api/routes/business-profile.routes.ts:45;src/lib/negocio/api.ts:25
/api/customer/:businessSlug/register;POST;SIN-GUARD;src/api/routes/customer.routes.ts:328;src/lib/customerApi.ts:147
/api/customer/:businessSlug/login;POST;SIN-GUARD;src/api/routes/customer.routes.ts:363;src/lib/customerApi.ts:152
/api/customer/:businessSlug/login/google;POST;SIN-GUARD;src/api/routes/customer.routes.ts:400;src/lib/customerApi.ts:160
/api/customer/:businessSlug/availability;GET;SIN-GUARD;src/api/routes/customer.routes.ts:434;src/lib/customerApi.ts:172
/api/customer/logout;POST;authorize(Roles.CUSTOMER_ONLY);src/api/routes/customer.routes.ts:495;src/context/CustomerAuthContext.tsx:97
/api/customer/me;GET;handler:requireCustomerId;src/api/routes/customer.routes.ts:534;src/context/CustomerAuthContext.tsx:41,src/lib/customerApi.ts:211
/api/customer/refresh;POST;use:authenticate(), authorize(Roles.CUSTOMER_ONLY);src/api/routes/customer.routes.ts:569;src/context/CustomerAuthContext.tsx:60
/api/customer/me;DELETE;handler:requireCustomerId;src/api/routes/customer.routes.ts:593;src/lib/customerApi.ts:212
/api/customer/me/reservations;GET;handler:requireCustomerId;src/api/routes/customer.routes.ts:626;src/lib/customerApi.ts:194
/api/customer/me/reservations;POST;handler:requireCustomerId;src/api/routes/customer.routes.ts:645;src/lib/customerApi.ts:196
/api/customer/me/reservations/:id;PATCH;handler:requireCustomerId;src/api/routes/customer.routes.ts:685;src/lib/customerApi.ts:201
/api/customer/me/reservations/:id/cancel;POST;handler:requireCustomerId;src/api/routes/customer.routes.ts:742;src/lib/customerApi.ts:206
/api/locations;GET;authorize(Roles.STAFF);src/api/routes/locations.routes.ts:29;-
/api/locations;POST;authorize(Roles.MANAGEMENT);src/api/routes/locations.routes.ts:40;-
/api/auth/me;GET;SIN-GUARD;src/api/routes/me.routes.ts:54;src/app/page.tsx:12,src/context/AuthContext.tsx:43
/api/auth/logout;POST;SIN-GUARD;src/api/routes/me.routes.ts:81;src/context/AuthContext.tsx:102
/api/auth/refresh;POST;SIN-GUARD;src/api/routes/me.routes.ts:86;src/context/AuthContext.tsx:71
/api/reports/occupancy;GET;authorize(Roles.MANAGEMENT);src/api/routes/reports.routes.ts:36;src/app/dashboard/reportes/page.tsx:361
/api/reports/occupancy/summary;GET;authorize(Roles.MANAGEMENT);src/api/routes/reports.routes.ts:54;src/app/dashboard/reportes/page.tsx:377
/api/reports/occupancy/by-category;GET;authorize(Roles.MANAGEMENT);src/api/routes/reports.routes.ts:77;src/app/dashboard/reportes/page.tsx:396
/api/reports/occupancy/underutilized;GET;authorize(Roles.MANAGEMENT);src/api/routes/reports.routes.ts:99;src/app/dashboard/reportes/page.tsx:412
/api/reports/accounts-receivable;GET;authorize(Roles.MANAGEMENT);src/api/routes/reports.routes.ts:122;src/app/dashboard/reportes/page.tsx:447
/api/reports/pos/sales-by-product;GET;authorize(Roles.MANAGEMENT);src/api/routes/reports.routes.ts:140;-
/api/reports/pos/waste;GET;authorize(Roles.MANAGEMENT);src/api/routes/reports.routes.ts:158;-
/api/reports/pos/ticket-summary;GET;authorize(Roles.MANAGEMENT);src/api/routes/reports.routes.ts:176;-
/api/reports/crm/new-vs-recurring;GET;authorize(Roles.MANAGEMENT);src/api/routes/reports.routes.ts:194;-
/api/reports/crm/applied-rates;GET;authorize(Roles.MANAGEMENT);src/api/routes/reports.routes.ts:212;-
/api/reports/occupancy/purge;DELETE;authorize(Roles.MANAGEMENT);src/api/routes/reports.routes.ts:230;-
/api/system/outbox/dead-letter;GET;authorize(Roles.MANAGEMENT);src/api/routes/system.routes.ts:26;src/lib/sistema/api.ts:6
/api/system/outbox/:id/retry;POST;authorize(Roles.MANAGEMENT);src/api/routes/system.routes.ts:45;src/lib/sistema/api.ts:7
/api/accounts-receivable;GET;authorize(Roles.MANAGEMENT);src/clientes-finanzas/accounts-receivable.routes.ts:39;src/lib/finanzas/api.ts:10
/api/accounts-receivable/:id/mark-invoiced;POST;authorize(Roles.MANAGEMENT);src/clientes-finanzas/accounts-receivable.routes.ts:55;src/lib/finanzas/api.ts:13
/api/accounts-receivable/:id/mark-collected;POST;authorize(Roles.MANAGEMENT);src/clientes-finanzas/accounts-receivable.routes.ts:68;src/lib/finanzas/api.ts:19
/api/cash-register/current;GET;authorize(Roles.FRONT_DESK);src/clientes-finanzas/cash-register.routes.ts:60;-
/api/cash-register;GET;authorize(Roles.FRONT_DESK);src/clientes-finanzas/cash-register.routes.ts:72;-
/api/cash-register/:id;GET;authorize(Roles.FRONT_DESK);src/clientes-finanzas/cash-register.routes.ts:87;-
/api/cash-register/open;POST;authorize(Roles.FRONT_DESK);src/clientes-finanzas/cash-register.routes.ts:98;-
/api/cash-register/close;POST;authorize(Roles.FRONT_DESK);src/clientes-finanzas/cash-register.routes.ts:119;-
/api/customers/:id;GET;authorize(Roles.FRONT_DESK);src/clientes-finanzas/customers.routes.ts:231;src/lib/clientes/api.ts:42
/api/customers/:id;PATCH;authorize(Roles.FRONT_DESK);src/clientes-finanzas/customers.routes.ts:250;src/lib/clientes/api.ts:46
/api/customers/:id/tax-profile;GET;authorize(Roles.MANAGEMENT);src/clientes-finanzas/customers.routes.ts:327;src/lib/clientes/api.ts:83
/api/customers/:id/tax-profile;PUT;authorize(Roles.MANAGEMENT);src/clientes-finanzas/customers.routes.ts:340;src/lib/clientes/api.ts:85
/api/customers/:id/billing-policy;GET;authorize(Roles.MANAGEMENT);src/clientes-finanzas/customers.routes.ts:377;src/lib/clientes/api.ts:91
/api/customers/:id/billing-policy;PUT;authorize(Roles.MANAGEMENT);src/clientes-finanzas/customers.routes.ts:390;src/lib/clientes/api.ts:93
/api/customers/padron/lookup-by-cuit;POST;authorize(Roles.MANAGEMENT);src/clientes-finanzas/customers.routes.ts:427;src/lib/clientes/api.ts:99
/api/customers/padron/lookup-by-dni;POST;authorize(Roles.MANAGEMENT);src/clientes-finanzas/customers.routes.ts:442;src/lib/clientes/api.ts:101
/api/customers/padron/iva-receptor-types;GET;authorize(Roles.MANAGEMENT);src/clientes-finanzas/customers.routes.ts:459;-
/api/customers/:id/tags;POST;authorize(Roles.FRONT_DESK);src/clientes-finanzas/customers.routes.ts:473;src/lib/clientes/api.ts:48
/api/customers/:id/tags/:tagId;DELETE;authorize(Roles.FRONT_DESK);src/clientes-finanzas/customers.routes.ts:497;src/lib/clientes/api.ts:50
/api/customers;GET;authorize(Roles.FRONT_DESK);src/clientes-finanzas/customers.routes.ts:514;src/lib/clientes/api.ts:38
/api/customers/search;POST;authorize(Roles.FRONT_DESK);src/clientes-finanzas/customers.routes.ts:556;src/lib/clientes/api.ts:17
/api/customers/search-by-tax-id;POST;authorize(Roles.FRONT_DESK);src/clientes-finanzas/customers.routes.ts:577;src/lib/clientes/api.ts:41
/api/customers;POST;authorize(Roles.FRONT_DESK);src/clientes-finanzas/customers.routes.ts:591;src/lib/clientes/api.ts:44
/api/customers/:id/rates;GET;authorize(Roles.FRONT_DESK);src/clientes-finanzas/customers.routes.ts:647;src/lib/clientes/api.ts:55
/api/customers/:id/rates;POST;authorize(Roles.MANAGEMENT);src/clientes-finanzas/customers.routes.ts:660;src/lib/clientes/api.ts:57
/api/customers/:id/rates/:rateId;DELETE;authorize(Roles.MANAGEMENT);src/clientes-finanzas/customers.routes.ts:762;src/lib/clientes/api.ts:59
/api/customers/:id/account;GET;authorize(Roles.FRONT_DESK);src/clientes-finanzas/customers.routes.ts:812;src/lib/clientes/api.ts:64
/api/customers/:id/outstanding-invoices;GET;authorize(Roles.FRONT_DESK);src/clientes-finanzas/customers.routes.ts:826;src/lib/clientes/api.ts:67
/api/customers/:id/payments;POST;authorize(Roles.FRONT_DESK);src/clientes-finanzas/customers.routes.ts:841;src/lib/clientes/api.ts:75
/api/rate-catalog;GET;authorize(Roles.FRONT_DESK);src/clientes-finanzas/rate-catalog.routes.ts:52;-
/api/rate-catalog;POST;authorize(Roles.MANAGEMENT);src/clientes-finanzas/rate-catalog.routes.ts:59;-
/api/rate-catalog/:id;PUT;authorize(Roles.MANAGEMENT);src/clientes-finanzas/rate-catalog.routes.ts:113;-
/api/rate-catalog/:id;DELETE;authorize(Roles.MANAGEMENT);src/clientes-finanzas/rate-catalog.routes.ts:122;-
/api/invoices;POST;authorize(Roles.FRONT_DESK);src/facturacion/invoices.routes.ts:71;src/lib/facturacion/api.ts:21
/api/invoices/consolidated;POST;authorize(Roles.MANAGEMENT);src/facturacion/invoices.routes.ts:96;src/lib/facturacion/api.ts:24
/api/invoices/:id;GET;authorize(Roles.FRONT_DESK);src/facturacion/invoices.routes.ts:116;src/lib/facturacion/api.ts:25
/api/invoices/:id/pdf;GET;authorize(Roles.FRONT_DESK);src/facturacion/invoices.routes.ts:134;src/lib/facturacion/api.ts:32
/api/invoices;GET;authorize(Roles.FRONT_DESK);src/facturacion/invoices.routes.ts:155;src/lib/facturacion/api.ts:27
/api/business-profile/afip-credentials/status;GET;authorize(Roles.MANAGEMENT);src/facturacion/invoices.routes.ts:183;src/lib/facturacion/api.ts:10
/api/business-profile/afip-credentials;PUT;authorize(Roles.MANAGEMENT);src/facturacion/invoices.routes.ts:195;src/lib/facturacion/api.ts:12
/api/business-profile/afip-credentials;DELETE;authorize(Roles.MANAGEMENT);src/facturacion/invoices.routes.ts:209;src/lib/facturacion/api.ts:16
/api/admin/repair-tenant-db;POST;use:authenticatePlatform(), authorizePlatform([PlatformRole.SUPERADMIN]);src/platform/admin.routes.ts:63;src/app/dashboard/admin/page.tsx:24
/api/admin/set-tenant-url;POST;use:authenticatePlatform(), authorizePlatform([PlatformRole.SUPERADMIN]);src/platform/admin.routes.ts:124;-
/api/business/context;GET;authorize(Roles.STAFF);src/platform/business-context.routes.ts:51;src/lib/business-context/sources.ts:199
/api/business-hours;GET;authorize(Roles.BOOKING);src/platform/business-hours.routes.ts:27;src/lib/negocio/api.ts:30
/api/business-hours;POST;authorize(Roles.MANAGEMENT);src/platform/business-hours.routes.ts:34;src/lib/negocio/api.ts:32
/api/business-hours/:id;DELETE;authorize(Roles.MANAGEMENT);src/platform/business-hours.routes.ts:54;src/lib/negocio/api.ts:33
/api/business/modules;GET;SIN-GUARD;src/platform/business-modules.routes.ts:21;-
/api/business/plan-limits;GET;SIN-GUARD;src/platform/business-plan-limits.routes.ts:23;src/lib/negocio/api.ts:51
/register;POST;SIN-GUARD;src/platform/business.routes.ts:99;src/app/registro/page.tsx:36
/api/companies/me;GET;authorize(Roles.MANAGEMENT);src/platform/companies.routes.ts:55;src/lib/empresa/api.ts:7
/api/companies;POST;authorize(Roles.MANAGEMENT);src/platform/companies.routes.ts:67;src/lib/empresa/api.ts:8
/api/companies/link;POST;authorize(Roles.MANAGEMENT);src/platform/companies.routes.ts:82;src/lib/empresa/api.ts:9
/platform/login;POST;SIN-GUARD;src/platform/platform.routes.ts:92;src/lib/platformApi.ts:83
/platform/stats;GET;use:authenticatePlatform(), authorizePlatform([PlatformRole.SUPERADMIN]);src/platform/platform.routes.ts:122;src/lib/platformApi.ts:88
/platform/businesses;GET;use:authenticatePlatform(), authorizePlatform([PlatformRole.SUPERADMIN]);src/platform/platform.routes.ts:147;-
/platform/businesses;POST;use:authenticatePlatform(), authorizePlatform([PlatformRole.SUPERADMIN]);src/platform/platform.routes.ts:161;-
/platform/businesses/:id;GET;use:authenticatePlatform(), authorizePlatform([PlatformRole.SUPERADMIN]);src/platform/platform.routes.ts:191;-
/platform/businesses/:id/status;PATCH;use:authenticatePlatform(), authorizePlatform([PlatformRole.SUPERADMIN]);src/platform/platform.routes.ts:205;src/lib/platformApi.ts:100
/platform/businesses/:id/plan;PATCH;use:authenticatePlatform(), authorizePlatform([PlatformRole.SUPERADMIN]);src/platform/platform.routes.ts:263;src/lib/platformApi.ts:112
/platform/businesses/:id/provision;POST;use:authenticatePlatform(), authorizePlatform([PlatformRole.SUPERADMIN]);src/platform/platform.routes.ts:341;src/lib/platformApi.ts:106
/platform/plan-limits;GET;use:authenticatePlatform(), authorizePlatform([PlatformRole.SUPERADMIN]);src/platform/platform.routes.ts:374;src/lib/platformApi.ts:123
/platform/plan-limits/:plan;PUT;use:authenticatePlatform(), authorizePlatform([PlatformRole.SUPERADMIN]);src/platform/platform.routes.ts:383;src/lib/platformApi.ts:125
/platform/role-presets;GET;use:authenticatePlatform(), authorizePlatform([PlatformRole.SUPERADMIN]);src/platform/platform.routes.ts:426;src/lib/platformApi.ts:134
/platform/role-presets/:name;PUT;use:authenticatePlatform(), authorizePlatform([PlatformRole.SUPERADMIN]);src/platform/platform.routes.ts:435;src/lib/platformApi.ts:136
/api/housekeeping;GET;authorize(Roles.STAFF);src/pms-estadias/housekeeping.routes.ts:47;-
/api/housekeeping/me;GET;authorize(Roles.STAFF);src/pms-estadias/housekeeping.routes.ts:76;src/lib/housekeeping/api.ts:27
/api/housekeeping/late-checkouts;GET;authorize(Roles.STAFF);src/pms-estadias/housekeeping.routes.ts:93;-
/api/housekeeping/status/:status;GET;authorize(Roles.HOUSEKEEPING_AND_MANAGEMENT);src/pms-estadias/housekeeping.routes.ts:119;src/lib/housekeeping/api.ts:30
/api/housekeeping/resource/:resourceId;GET;authorize(Roles.STAFF);src/pms-estadias/housekeeping.routes.ts:135;-
/api/housekeeping/:id;GET;authorize(Roles.STAFF);src/pms-estadias/housekeeping.routes.ts:151;-
/api/housekeeping;POST;authorize(Roles.MANAGEMENT);src/pms-estadias/housekeeping.routes.ts:168;src/lib/housekeeping/api.ts:10
/api/housekeeping/:id/assign;POST;authorize(Roles.MANAGEMENT);src/pms-estadias/housekeeping.routes.ts:188;src/lib/housekeeping/api.ts:12
/api/housekeeping/:id/start;POST;authorize(Roles.STAFF);src/pms-estadias/housekeeping.routes.ts:206;src/lib/housekeeping/api.ts:13
/api/housekeeping/:id/complete;POST;authorize(Roles.STAFF);src/pms-estadias/housekeeping.routes.ts:219;src/lib/housekeeping/api.ts:15
/api/housekeeping/:id/inspect;POST;authorize(Roles.HOUSEKEEPING_AND_MANAGEMENT);src/pms-estadias/housekeeping.routes.ts:236;src/lib/housekeeping/api.ts:16
/api/maintenance-windows;GET;authorize(Roles.STAFF);src/pms-estadias/maintenance-windows.routes.ts:30;src/lib/maintenance-windows/api.ts:7
/api/maintenance-windows/resource/:resourceId;GET;authorize(Roles.STAFF);src/pms-estadias/maintenance-windows.routes.ts:42;src/lib/maintenance-windows/api.ts:10
/api/maintenance-windows;POST;authorize(Roles.MANAGEMENT);src/pms-estadias/maintenance-windows.routes.ts:59;src/lib/maintenance-windows/api.ts:12
/api/maintenance-windows/:id/close;POST;authorize(Roles.MANAGEMENT);src/pms-estadias/maintenance-windows.routes.ts:79;src/lib/maintenance-windows/api.ts:15
/api/stays;GET;authorize(Roles.FRONT_DESK);src/pms-estadias/stays.routes.ts:42;src/lib/estadias/api.ts:8
/api/stays/reservation/:reservationId;GET;authorize(Roles.FRONT_DESK);src/pms-estadias/stays.routes.ts:54;-
/api/stays/resource/:resourceId;GET;authorize(Roles.STAFF);src/pms-estadias/stays.routes.ts:73;-
/api/stays/:id;GET;authorize(Roles.FRONT_DESK);src/pms-estadias/stays.routes.ts:92;-
/api/stays/check-in;POST;authorize(Roles.FRONT_DESK);src/pms-estadias/stays.routes.ts:111;src/lib/estadias/api.ts:9
/api/stays/:id/check-out;POST;authorize(Roles.FRONT_DESK);src/pms-estadias/stays.routes.ts:143;src/lib/estadias/api.ts:11
/api/stays/:id/no-show;POST;authorize(Roles.FRONT_DESK);src/pms-estadias/stays.routes.ts:161;src/lib/estadias/api.ts:12
/api/stays/:id/folio;GET;authorize(Roles.FRONT_DESK);src/pms-estadias/stays.routes.ts:176;src/lib/estadias/api.ts:14
/api/stays/:id/transfer-to-receivable;POST;authorize(Roles.MANAGEMENT);src/pms-estadias/stays.routes.ts:193;src/lib/estadias/api.ts:17
/api/consumption-destinations;GET;authorize(Roles.MANAGEMENT);src/pos-menu/consumption-destinations.routes.ts:47;src/lib/catalogo/api.ts:29
/api/consumption-destinations/:id;GET;authorize(Roles.MANAGEMENT);src/pos-menu/consumption-destinations.routes.ts:55;-
/api/consumption-destinations;POST;authorize(Roles.MANAGEMENT);src/pos-menu/consumption-destinations.routes.ts:63;src/lib/catalogo/api.ts:30
/api/consumption-destinations/:id;PUT;authorize(Roles.MANAGEMENT);src/pos-menu/consumption-destinations.routes.ts:75;src/lib/catalogo/api.ts:32
/api/consumption-destinations/:id;DELETE;authorize(Roles.MANAGEMENT);src/pos-menu/consumption-destinations.routes.ts:94;src/lib/catalogo/api.ts:34
/api/orders;GET;authorize(Roles.ORDERS);src/pos-menu/orders.routes.ts:131;-
/api/orders;POST;authorize(Roles.BOOKING);src/pos-menu/orders.routes.ts:153;src/lib/ordenes/api.ts:19
/api/orders/:id;GET;authorize(Roles.ORDERS);src/pos-menu/orders.routes.ts:175;src/lib/ordenes/api.ts:18
/api/orders/:id/confirm;POST;authorize(Roles.ORDERS);src/pos-menu/orders.routes.ts:188;src/lib/ordenes/api.ts:20
/api/orders/:id/serve;POST;authorize(Roles.ORDERS);src/pos-menu/orders.routes.ts:206;src/lib/ordenes/api.ts:23
/api/orders/:id/complete;POST;authorize(Roles.ORDERS);src/pos-menu/orders.routes.ts:223;src/lib/ordenes/api.ts:21
/api/orders/:id/cancel;POST;authorize(Roles.ORDERS);src/pos-menu/orders.routes.ts:249;src/lib/ordenes/api.ts:22
/api/orders/:id/notes;PATCH;authorize(Roles.ORDERS);src/pos-menu/orders.routes.ts:261;src/lib/ordenes/api.ts:25
/api/orders/:id/items;POST;authorize(Roles.BOOKING);src/pos-menu/orders.routes.ts:275;src/lib/ordenes/api.ts:27
/api/orders/:id/items/:itemId;DELETE;authorize(Roles.ORDERS);src/pos-menu/orders.routes.ts:295;src/lib/ordenes/api.ts:29
/api/products;GET;authorize(Roles.MANAGEMENT);src/pos-menu/products.routes.ts:172;src/lib/productos/api.ts:13
/api/products;POST;authorize(Roles.MANAGEMENT);src/pos-menu/products.routes.ts:192;src/lib/productos/api.ts:15
/api/products/company-catalog;GET;authorize(Roles.MANAGEMENT);src/pos-menu/products.routes.ts:231;src/lib/productos/api.ts:26
/api/products/:id;GET;authorize(Roles.MANAGEMENT);src/pos-menu/products.routes.ts:239;src/lib/productos/api.ts:14
/api/products/:id;PUT;authorize(Roles.MANAGEMENT);src/pos-menu/products.routes.ts:258;src/lib/productos/api.ts:17
/api/products/:id;DELETE;authorize(Roles.MANAGEMENT);src/pos-menu/products.routes.ts:275;src/lib/productos/api.ts:18
/api/products/:id/variants;GET;authorize(Roles.MANAGEMENT);src/pos-menu/products.routes.ts:284;src/lib/productos/api.ts:57
/api/products/:id/variants;POST;authorize(Roles.MANAGEMENT);src/pos-menu/products.routes.ts:295;src/lib/productos/api.ts:59
/api/products/:id/variants/:variantId;PUT;authorize(Roles.MANAGEMENT);src/pos-menu/products.routes.ts:315;src/lib/productos/api.ts:61
/api/products/:id/variants/:variantId;DELETE;authorize(Roles.MANAGEMENT);src/pos-menu/products.routes.ts:332;src/lib/productos/api.ts:63
/api/products/:id/recipe-items;GET;authorize(Roles.MANAGEMENT);src/pos-menu/products.routes.ts:344;src/lib/productos/api.ts:45
/api/products/:id/recipe-items;POST;authorize(Roles.MANAGEMENT);src/pos-menu/products.routes.ts:353;src/lib/productos/api.ts:47
/api/products/:id/recipe-items/:itemId;PUT;authorize(Roles.MANAGEMENT);src/pos-menu/products.routes.ts:373;src/lib/productos/api.ts:49
/api/products/:id/recipe-items/:itemId;DELETE;authorize(Roles.MANAGEMENT);src/pos-menu/products.routes.ts:390;src/lib/productos/api.ts:51
/api/products/:id/stock/decrement;POST;authorize(Roles.ORDERS);src/pos-menu/products.routes.ts:404;-
/api/products/:id/variants/:variantId/stock/decrement;POST;authorize(Roles.ORDERS);src/pos-menu/products.routes.ts:420;-
/api/products/stock/transfer;POST;authorize(Roles.MANAGEMENT);src/pos-menu/products.routes.ts:453;-
/api/products/stock/waste;POST;authorize(Roles.MANAGEMENT);src/pos-menu/products.routes.ts:525;src/lib/productos/api.ts:20
/api/products/stock/consumption;POST;authorize(Roles.MANAGEMENT);src/pos-menu/products.routes.ts:614;src/lib/productos/api.ts:23
/api/products/stock/production;POST;authorize(Roles.MANAGEMENT);src/pos-menu/products.routes.ts:712;src/lib/productos/api.ts:25
/api/products/:id/company/share;POST;authorize(Roles.MANAGEMENT);src/pos-menu/products.routes.ts:775;src/lib/productos/api.ts:27
/api/products/:id/company/publish;POST;authorize(Roles.MANAGEMENT);src/pos-menu/products.routes.ts:786;src/lib/productos/api.ts:28
/api/products/:id/company/price-override/activate;POST;authorize(Roles.MANAGEMENT);src/pos-menu/products.routes.ts:794;src/lib/productos/api.ts:30
/api/products/:id/company/price-override/deactivate;POST;authorize(Roles.MANAGEMENT);src/pos-menu/products.routes.ts:802;src/lib/productos/api.ts:31
/api/products/:id/company/price-override/accept;POST;authorize(Roles.MANAGEMENT);src/pos-menu/products.routes.ts:811;src/lib/productos/api.ts:32
/api/products/:id/company/price-override/reject;POST;authorize(Roles.MANAGEMENT);src/pos-menu/products.routes.ts:820;src/lib/productos/api.ts:33
/api/products/:id/company/recipe-override/activate;POST;authorize(Roles.MANAGEMENT);src/pos-menu/products.routes.ts:828;src/lib/productos/api.ts:36
/api/products/:id/company/recipe-override/deactivate;POST;authorize(Roles.MANAGEMENT);src/pos-menu/products.routes.ts:836;src/lib/productos/api.ts:37
/api/products/:id/company/recipe-override/accept;POST;authorize(Roles.MANAGEMENT);src/pos-menu/products.routes.ts:844;src/lib/productos/api.ts:38
/api/products/:id/company/recipe-override/reject;POST;authorize(Roles.MANAGEMENT);src/pos-menu/products.routes.ts:852;src/lib/productos/api.ts:39
/api/waste-reasons;GET;authorize(Roles.MANAGEMENT);src/pos-menu/waste-reasons.routes.ts:48;src/lib/catalogo/api.ts:18
/api/waste-reasons/:id;GET;authorize(Roles.MANAGEMENT);src/pos-menu/waste-reasons.routes.ts:56;-
/api/waste-reasons;POST;authorize(Roles.MANAGEMENT);src/pos-menu/waste-reasons.routes.ts:64;src/lib/catalogo/api.ts:19
/api/waste-reasons/:id;PUT;authorize(Roles.MANAGEMENT);src/pos-menu/waste-reasons.routes.ts:76;src/lib/catalogo/api.ts:21
/api/waste-reasons/:id;DELETE;authorize(Roles.MANAGEMENT);src/pos-menu/waste-reasons.routes.ts:95;src/lib/catalogo/api.ts:23
/api/bookable-services;GET;authorize(Roles.BOOKING);src/reservas/bookable-services.routes.ts:119;src/lib/customerApi.ts:221,src/lib/servicios/api.ts:11
/api/bookable-services;POST;authorize(Roles.MANAGEMENT);src/reservas/bookable-services.routes.ts:127;src/lib/servicios/api.ts:12
/api/bookable-services/:id;GET;authorize(Roles.BOOKING);src/reservas/bookable-services.routes.ts:136;-
/api/bookable-services/:id;PUT;authorize(Roles.MANAGEMENT);src/reservas/bookable-services.routes.ts:144;src/lib/servicios/api.ts:14
/api/bookable-services/:id;DELETE;authorize(Roles.MANAGEMENT);src/reservas/bookable-services.routes.ts:153;src/lib/servicios/api.ts:15
/api/bookable-services/:id/schedules;GET;authorize(Roles.BOOKING);src/reservas/bookable-services.routes.ts:161;src/lib/servicios/api.ts:22
/api/bookable-services/:id/schedules;POST;authorize(Roles.MANAGEMENT);src/reservas/bookable-services.routes.ts:169;src/lib/servicios/api.ts:24
/api/bookable-services/:id/schedules/:scheduleId;PUT;authorize(Roles.MANAGEMENT);src/reservas/bookable-services.routes.ts:178;src/lib/servicios/api.ts:26
/api/bookable-services/:id/schedules/:scheduleId;DELETE;authorize(Roles.MANAGEMENT);src/reservas/bookable-services.routes.ts:187;src/lib/servicios/api.ts:28
/api/bookable-services/:id/rate-plans;GET;authorize(Roles.BOOKING);src/reservas/bookable-services.routes.ts:198;src/lib/servicios/api.ts:39
/api/bookable-services/:id/rate-plans;POST;authorize(Roles.MANAGEMENT);src/reservas/bookable-services.routes.ts:206;src/lib/servicios/api.ts:41
/api/bookable-services/:id/rate-plans/:ratePlanId;PUT;authorize(Roles.MANAGEMENT);src/reservas/bookable-services.routes.ts:215;src/lib/servicios/api.ts:43
/api/bookable-services/:id/rate-plans/:ratePlanId;DELETE;authorize(Roles.MANAGEMENT);src/reservas/bookable-services.routes.ts:225;src/lib/servicios/api.ts:45
/api/bookable-services/:id/resource-locks;GET;authorize(Roles.STAFF);src/reservas/bookable-services.routes.ts:235;src/lib/servicios/api.ts:32
/api/bookable-services/:id/resource-locks;PUT;authorize(Roles.MANAGEMENT);src/reservas/bookable-services.routes.ts:245;src/lib/servicios/api.ts:34
/api/bookable-services/:id/available-slots;GET;authorize(Roles.BOOKING);src/reservas/bookable-services.routes.ts:256;src/lib/servicios/api.ts:17
/api/cancellation-policies;GET;authorize(Roles.MANAGEMENT);src/reservas/cancellation-policies.routes.ts:45;-
/api/cancellation-policies/:id;GET;authorize(Roles.MANAGEMENT);src/reservas/cancellation-policies.routes.ts:53;-
/api/cancellation-policies;POST;authorize(Roles.MANAGEMENT);src/reservas/cancellation-policies.routes.ts:61;-
/api/cancellation-policies/:id;PUT;authorize(Roles.MANAGEMENT);src/reservas/cancellation-policies.routes.ts:73;-
/api/cancellation-policies/:id;DELETE;authorize(Roles.MANAGEMENT);src/reservas/cancellation-policies.routes.ts:93;-
/api/categories;GET;SIN-GUARD;src/reservas/categories.routes.ts:80;src/lib/catalogo/api.ts:7,src/lib/customerApi.ts:217
/api/categories/:id;GET;SIN-GUARD;src/reservas/categories.routes.ts:91;-
/api/categories;POST;authorize(Roles.MANAGEMENT);src/reservas/categories.routes.ts:102;src/lib/catalogo/api.ts:9
/api/categories/:id;PUT;authorize(Roles.MANAGEMENT);src/reservas/categories.routes.ts:167;src/lib/catalogo/api.ts:11
/api/categories/:id;DELETE;authorize(Roles.MANAGEMENT);src/reservas/categories.routes.ts:193;src/lib/catalogo/api.ts:13
/api/reservations;GET;authorize(Roles.FRONT_DESK);src/reservas/reservations.routes.ts:224;-
/api/reservations/search;POST;authorize(Roles.FRONT_DESK);src/reservas/reservations.routes.ts:253;src/lib/reservas/api.ts:26
/api/reservations/:id;GET;authorize(Roles.FRONT_DESK);src/reservas/reservations.routes.ts:277;src/lib/reservas/api.ts:51
/api/reservations;POST;authorize(Roles.BOOKING);src/reservas/reservations.routes.ts:295;src/lib/reservas/api.ts:58
/api/reservations/:id;PUT;authorize(Roles.FRONT_DESK);src/reservas/reservations.routes.ts:356;src/lib/reservas/api.ts:63
/api/reservations/:id/price-preview;GET;authorize(Roles.FRONT_DESK);src/reservas/reservations.routes.ts:382;-
/api/reservations/:id/confirm-price-adjustment;POST;authorize(Roles.MANAGEMENT);src/reservas/reservations.routes.ts:403;src/lib/reservas/api.ts:93
/api/reservations/:id/confirm;POST;authorize(Roles.FRONT_DESK);src/reservas/reservations.routes.ts:420;src/lib/reservas/api.ts:64
/api/reservations/:id/cancel;POST;authorize(Roles.FRONT_DESK);src/reservas/reservations.routes.ts:436;src/lib/reservas/api.ts:65
/api/reservations/:id/cancellation-refund/preview;GET;authorize(Roles.FRONT_DESK);src/reservas/reservations.routes.ts:453;-
/api/reservations/:id/cancellation-refund/confirm;POST;authorize(Roles.FRONT_DESK);src/reservas/reservations.routes.ts:472;-
/api/reservations/:id/complete;POST;authorize(Roles.FRONT_DESK);src/reservas/reservations.routes.ts:489;src/lib/reservas/api.ts:66
/api/reservations/:id/schedule-request;POST;authorize(Roles.BOOKING);src/reservas/reservations.routes.ts:507;src/lib/reservas/api.ts:75
/api/reservations/:id/schedule-request/approve;POST;authorize(Roles.FRONT_DESK);src/reservas/reservations.routes.ts:526;src/lib/reservas/api.ts:77
/api/reservations/:id/schedule-request/reject;POST;authorize(Roles.FRONT_DESK);src/reservas/reservations.routes.ts:546;src/lib/reservas/api.ts:79
/api/resources;GET;authorize(Roles.STAFF);src/reservas/resources.routes.ts:120;src/lib/recursos/api.ts:8
/api/resources/:id;GET;authorize(Roles.STAFF);src/reservas/resources.routes.ts:132;-
/api/resources;POST;authorize(Roles.MANAGEMENT);src/reservas/resources.routes.ts:148;src/lib/recursos/api.ts:9
/api/resources/:id;PUT;authorize(Roles.MANAGEMENT);src/reservas/resources.routes.ts:196;src/lib/recursos/api.ts:11
/api/resources/:id;DELETE;authorize(Roles.MANAGEMENT);src/reservas/resources.routes.ts:280;src/lib/recursos/api.ts:12
/api/resources/:id/hours;GET;authorize(Roles.BOOKING);src/reservas/resources.routes.ts:320;src/lib/recursos/api.ts:17
/api/resources/:id/hours;POST;authorize(Roles.MANAGEMENT);src/reservas/resources.routes.ts:331;src/lib/recursos/api.ts:19
/api/resources/:id/hours/:hourId;DELETE;authorize(Roles.MANAGEMENT);src/reservas/resources.routes.ts:360;src/lib/recursos/api.ts:21
/api/password-resets/request;POST;SIN-GUARD;src/usuarios-roles/password-reset.routes.ts:133;src/lib/usuarios/api.ts:64
/api/password-resets/lookup;POST;SIN-GUARD;src/usuarios-roles/password-reset.routes.ts:181;src/lib/usuarios/api.ts:66
/api/password-resets/accept;POST;SIN-GUARD;src/usuarios-roles/password-reset.routes.ts:200;src/lib/usuarios/api.ts:68
/api/roles;GET;authorize(Roles.MANAGEMENT);src/usuarios-roles/roles.routes.ts:96;src/lib/usuarios/api.ts:20
/api/roles/:id;GET;authorize(Roles.MANAGEMENT);src/usuarios-roles/roles.routes.ts:103;src/lib/usuarios/api.ts:21
/api/roles;POST;authorize(Roles.MANAGEMENT);src/usuarios-roles/roles.routes.ts:110;src/lib/usuarios/api.ts:23
/api/roles/:id;PUT;authorize(Roles.MANAGEMENT);src/usuarios-roles/roles.routes.ts:138;src/lib/usuarios/api.ts:25
/api/roles/:id;DELETE;authorize(Roles.MANAGEMENT);src/usuarios-roles/roles.routes.ts:169;src/lib/usuarios/api.ts:26
/api/users/invitations;GET;authorize(Roles.MANAGEMENT);src/usuarios-roles/user-invitation.routes.ts:105;src/lib/usuarios/api.ts:33
/api/users/invitations;POST;authorize(Roles.MANAGEMENT);src/usuarios-roles/user-invitation.routes.ts:113;src/lib/usuarios/api.ts:34
/api/users/invitations/:id/resend;POST;authorize(Roles.MANAGEMENT);src/usuarios-roles/user-invitation.routes.ts:203;src/lib/usuarios/api.ts:35
/api/users/invitations/:id;DELETE;authorize(Roles.MANAGEMENT);src/usuarios-roles/user-invitation.routes.ts:225;src/lib/usuarios/api.ts:36
/api/invitations/lookup;POST;SIN-GUARD;src/usuarios-roles/user-invitation.routes.ts:268;src/lib/usuarios/api.ts:45
/api/invitations/accept;POST;SIN-GUARD;src/usuarios-roles/user-invitation.routes.ts:293;src/lib/usuarios/api.ts:47
/api/users;GET;authorize(Roles.MANAGEMENT);src/usuarios-roles/users.routes.ts:109;src/lib/usuarios/api.ts:11
/api/users/:id;GET;authorize(Roles.MANAGEMENT);src/usuarios-roles/users.routes.ts:122;-
/api/users;POST;authorize(Roles.MANAGEMENT);src/usuarios-roles/users.routes.ts:142;src/lib/usuarios/api.ts:12
/api/users/:id;PUT;authorize(Roles.MANAGEMENT);src/usuarios-roles/users.routes.ts:255;src/lib/usuarios/api.ts:14
/api/users/:id/password-reset-link;POST;authorize(Roles.MANAGEMENT);src/usuarios-roles/users.routes.ts:372;src/lib/usuarios/api.ts:54
/api/users/:id;DELETE;authorize(Roles.OWNER_ONLY);src/usuarios-roles/users.routes.ts:404;src/lib/usuarios/api.ts:15
/api/users/:id/reactivate;POST;authorize(Roles.MANAGEMENT);src/usuarios-roles/users.routes.ts:426;-
