archivo;linea;metodo;path
src/app/dashboard/admin/page.tsx;24;POST;/api/admin/repair-tenant-db
src/app/dashboard/reportes/page.tsx;361;GET;/api/reports/occupancy
src/app/dashboard/reportes/page.tsx;377;GET;/api/reports/occupancy/summary
src/app/dashboard/reportes/page.tsx;396;GET;/api/reports/occupancy/by-category
src/app/dashboard/reportes/page.tsx;412;GET;/api/reports/occupancy/underutilized
src/app/dashboard/reportes/page.tsx;447;GET;/api/reports/accounts-receivable
src/app/login/page.tsx;66;POST;/api/login
src/app/login/page.tsx;92;POST;/api/login/google
src/app/login/page.tsx;118;POST;/api/login/select-business
src/app/page.tsx;12;GET;/api/auth/me
src/app/registro/page.tsx;36;POST;/register
src/context/AuthContext.tsx;43;GET;/api/auth/me
src/context/AuthContext.tsx;71;POST;/api/auth/refresh
src/context/AuthContext.tsx;102;POST;/api/auth/logout
src/context/CustomerAuthContext.tsx;41;GET;/api/customer/me
src/context/CustomerAuthContext.tsx;60;POST;/api/customer/refresh
src/context/CustomerAuthContext.tsx;97;POST;/api/customer/logout
src/lib/business-context/sources.ts;199;GET;/api/business/context
src/lib/catalogo/api.ts;7;GET;/api/categories
src/lib/catalogo/api.ts;9;POST;/api/categories
src/lib/catalogo/api.ts;11;PUT;/api/categories/:param
src/lib/catalogo/api.ts;13;DELETE;/api/categories/:param
src/lib/catalogo/api.ts;18;GET;/api/waste-reasons
src/lib/catalogo/api.ts;19;POST;/api/waste-reasons
src/lib/catalogo/api.ts;21;PUT;/api/waste-reasons/:param
src/lib/catalogo/api.ts;23;DELETE;/api/waste-reasons/:param
src/lib/catalogo/api.ts;29;GET;/api/consumption-destinations
src/lib/catalogo/api.ts;30;POST;/api/consumption-destinations
src/lib/catalogo/api.ts;32;PUT;/api/consumption-destinations/:param
src/lib/catalogo/api.ts;34;DELETE;/api/consumption-destinations/:param
src/lib/clientes/api.ts;17;POST;/api/customers/search
src/lib/clientes/api.ts;38;GET;/api/customers
src/lib/clientes/api.ts;41;POST;/api/customers/search-by-tax-id
src/lib/clientes/api.ts;42;GET;/api/customers/:param
src/lib/clientes/api.ts;44;POST;/api/customers
src/lib/clientes/api.ts;46;PATCH;/api/customers/:param
src/lib/clientes/api.ts;48;POST;/api/customers/:param/tags
src/lib/clientes/api.ts;50;DELETE;/api/customers/:param/tags/:param
src/lib/clientes/api.ts;55;GET;/api/customers/:param/rates
src/lib/clientes/api.ts;57;POST;/api/customers/:param/rates
src/lib/clientes/api.ts;59;DELETE;/api/customers/:param/rates/:param
src/lib/clientes/api.ts;64;GET;/api/customers/:param/account
src/lib/clientes/api.ts;67;GET;/api/customers/:param/outstanding-invoices
src/lib/clientes/api.ts;75;POST;/api/customers/:param/payments
src/lib/clientes/api.ts;83;GET;/api/customers/:param/tax-profile
src/lib/clientes/api.ts;85;PUT;/api/customers/:param/tax-profile
src/lib/clientes/api.ts;91;GET;/api/customers/:param/billing-policy
src/lib/clientes/api.ts;93;PUT;/api/customers/:param/billing-policy
src/lib/clientes/api.ts;99;POST;/api/customers/padron/lookup-by-cuit
src/lib/clientes/api.ts;101;POST;/api/customers/padron/lookup-by-dni
src/lib/customerApi.ts;147;POST;/api/customer/:param/register
src/lib/customerApi.ts;152;POST;/api/customer/:param/login
src/lib/customerApi.ts;160;POST;/api/customer/:param/login/google
src/lib/customerApi.ts;172;GET;/api/customer/:param/availability
src/lib/customerApi.ts;194;GET;/api/customer/me/reservations
src/lib/customerApi.ts;196;POST;/api/customer/me/reservations
src/lib/customerApi.ts;201;PATCH;/api/customer/me/reservations/:param
src/lib/customerApi.ts;206;POST;/api/customer/me/reservations/:param/cancel
src/lib/customerApi.ts;211;GET;/api/customer/me
src/lib/customerApi.ts;212;DELETE;/api/customer/me
src/lib/customerApi.ts;217;GET;/api/categories
src/lib/customerApi.ts;221;GET;/api/bookable-services
src/lib/empresa/api.ts;7;GET;/api/companies/me
src/lib/empresa/api.ts;8;POST;/api/companies
src/lib/empresa/api.ts;9;POST;/api/companies/link
src/lib/estadias/api.ts;8;GET;/api/stays
src/lib/estadias/api.ts;9;POST;/api/stays/check-in
src/lib/estadias/api.ts;11;POST;/api/stays/:param/check-out
src/lib/estadias/api.ts;12;POST;/api/stays/:param/no-show
src/lib/estadias/api.ts;14;GET;/api/stays/:param/folio
src/lib/estadias/api.ts;17;POST;/api/stays/:param/transfer-to-receivable
src/lib/facturacion/api.ts;10;GET;/api/business-profile/afip-credentials/status
src/lib/facturacion/api.ts;12;PUT;/api/business-profile/afip-credentials
src/lib/facturacion/api.ts;16;DELETE;/api/business-profile/afip-credentials
src/lib/facturacion/api.ts;21;POST;/api/invoices
src/lib/facturacion/api.ts;24;POST;/api/invoices/consolidated
src/lib/facturacion/api.ts;25;GET;/api/invoices/:param
src/lib/facturacion/api.ts;27;GET;/api/invoices
src/lib/facturacion/api.ts;32;GET;/api/invoices/:param/pdf
src/lib/finanzas/api.ts;10;GET;/api/accounts-receivable
src/lib/finanzas/api.ts;13;POST;/api/accounts-receivable/:param/mark-invoiced
src/lib/finanzas/api.ts;19;POST;/api/accounts-receivable/:param/mark-collected
src/lib/housekeeping/api.ts;8;GET;/api/housekeeping${date 
src/lib/housekeeping/api.ts;10;POST;/api/housekeeping
src/lib/housekeeping/api.ts;12;POST;/api/housekeeping/:param/assign
src/lib/housekeeping/api.ts;13;POST;/api/housekeeping/:param/start
src/lib/housekeeping/api.ts;15;POST;/api/housekeeping/:param/complete
src/lib/housekeeping/api.ts;16;POST;/api/housekeeping/:param/inspect
src/lib/housekeeping/api.ts;25;GET;/api/housekeeping/late-checkouts${date 
src/lib/housekeeping/api.ts;27;GET;/api/housekeeping/me
src/lib/housekeeping/api.ts;30;GET;/api/housekeeping/status/:param
src/lib/maintenance-windows/api.ts;7;GET;/api/maintenance-windows
src/lib/maintenance-windows/api.ts;10;GET;/api/maintenance-windows/resource/:param
src/lib/maintenance-windows/api.ts;12;POST;/api/maintenance-windows
src/lib/maintenance-windows/api.ts;15;POST;/api/maintenance-windows/:param/close
src/lib/negocio/api.ts;6;GET;/api/business-profile
src/lib/negocio/api.ts;25;PUT;/api/business-profile
src/lib/negocio/api.ts;30;GET;/api/business-hours
src/lib/negocio/api.ts;32;POST;/api/business-hours
src/lib/negocio/api.ts;33;DELETE;/api/business-hours/:param
src/lib/negocio/api.ts;51;GET;/api/business/plan-limits
src/lib/ordenes/api.ts;16;GET;/api/orders${qs 
src/lib/ordenes/api.ts;18;GET;/api/orders/:param
src/lib/ordenes/api.ts;19;POST;/api/orders
src/lib/ordenes/api.ts;20;POST;/api/orders/:param/confirm
src/lib/ordenes/api.ts;21;POST;/api/orders/:param/complete
src/lib/ordenes/api.ts;22;POST;/api/orders/:param/cancel
src/lib/ordenes/api.ts;23;POST;/api/orders/:param/serve
src/lib/ordenes/api.ts;25;PATCH;/api/orders/:param/notes
src/lib/ordenes/api.ts;27;POST;/api/orders/:param/items
src/lib/ordenes/api.ts;29;DELETE;/api/orders/:param/items/:param
src/lib/platformApi.ts;83;POST;/platform/login
src/lib/platformApi.ts;88;GET;/platform/stats
src/lib/platformApi.ts;96;GET;/platform/businesses:param
src/lib/platformApi.ts;100;PATCH;/platform/businesses/:param/status
src/lib/platformApi.ts;106;POST;/platform/businesses/:param/provision
src/lib/platformApi.ts;112;PATCH;/platform/businesses/:param/plan
src/lib/platformApi.ts;123;GET;/platform/plan-limits
src/lib/platformApi.ts;125;PUT;/platform/plan-limits/:param
src/lib/platformApi.ts;134;GET;/platform/role-presets
src/lib/platformApi.ts;136;PUT;/platform/role-presets/:param
src/lib/productos/api.ts;13;GET;/api/products
src/lib/productos/api.ts;14;GET;/api/products/:param
src/lib/productos/api.ts;15;POST;/api/products
src/lib/productos/api.ts;17;PUT;/api/products/:param
src/lib/productos/api.ts;18;DELETE;/api/products/:param
src/lib/productos/api.ts;20;POST;/api/products/stock/waste
src/lib/productos/api.ts;23;POST;/api/products/stock/consumption
src/lib/productos/api.ts;25;POST;/api/products/stock/production
src/lib/productos/api.ts;26;GET;/api/products/company-catalog
src/lib/productos/api.ts;27;POST;/api/products/:param/company/share
src/lib/productos/api.ts;28;POST;/api/products/:param/company/publish
src/lib/productos/api.ts;30;POST;/api/products/:param/company/price-override/activate
src/lib/productos/api.ts;31;POST;/api/products/:param/company/price-override/deactivate
src/lib/productos/api.ts;32;POST;/api/products/:param/company/price-override/accept
src/lib/productos/api.ts;33;POST;/api/products/:param/company/price-override/reject
src/lib/productos/api.ts;36;POST;/api/products/:param/company/recipe-override/activate
src/lib/productos/api.ts;37;POST;/api/products/:param/company/recipe-override/deactivate
src/lib/productos/api.ts;38;POST;/api/products/:param/company/recipe-override/accept
src/lib/productos/api.ts;39;POST;/api/products/:param/company/recipe-override/reject
src/lib/productos/api.ts;45;GET;/api/products/:param/recipe-items
src/lib/productos/api.ts;47;POST;/api/products/:param/recipe-items
src/lib/productos/api.ts;49;PUT;/api/products/:param/recipe-items/:param
src/lib/productos/api.ts;51;DELETE;/api/products/:param/recipe-items/:param
src/lib/productos/api.ts;57;GET;/api/products/:param/variants
src/lib/productos/api.ts;59;POST;/api/products/:param/variants
src/lib/productos/api.ts;61;PUT;/api/products/:param/variants/:param
src/lib/productos/api.ts;63;DELETE;/api/products/:param/variants/:param
src/lib/recursos/api.ts;8;GET;/api/resources
src/lib/recursos/api.ts;9;POST;/api/resources
src/lib/recursos/api.ts;11;PUT;/api/resources/:param
src/lib/recursos/api.ts;12;DELETE;/api/resources/:param
src/lib/recursos/api.ts;17;GET;/api/resources/:param/hours
src/lib/recursos/api.ts;19;POST;/api/resources/:param/hours
src/lib/recursos/api.ts;21;DELETE;/api/resources/:param/hours/:param
src/lib/reservas/api.ts;26;POST;/api/reservations/search
src/lib/reservas/api.ts;51;GET;/api/reservations/:param
src/lib/reservas/api.ts;58;POST;/api/reservations
src/lib/reservas/api.ts;63;PUT;/api/reservations/:param
src/lib/reservas/api.ts;64;POST;/api/reservations/:param/confirm
src/lib/reservas/api.ts;65;POST;/api/reservations/:param/cancel
src/lib/reservas/api.ts;66;POST;/api/reservations/:param/complete
src/lib/reservas/api.ts;75;POST;/api/reservations/:param/schedule-request
src/lib/reservas/api.ts;77;POST;/api/reservations/:param/schedule-request/approve
src/lib/reservas/api.ts;79;POST;/api/reservations/:param/schedule-request/reject
src/lib/reservas/api.ts;93;POST;/api/reservations/:param/confirm-price-adjustment
src/lib/servicios/api.ts;11;GET;/api/bookable-services
src/lib/servicios/api.ts;12;POST;/api/bookable-services
src/lib/servicios/api.ts;14;PUT;/api/bookable-services/:param
src/lib/servicios/api.ts;15;DELETE;/api/bookable-services/:param
src/lib/servicios/api.ts;17;GET;/api/bookable-services/:param/available-slots
src/lib/servicios/api.ts;22;GET;/api/bookable-services/:param/schedules
src/lib/servicios/api.ts;24;POST;/api/bookable-services/:param/schedules
src/lib/servicios/api.ts;26;PUT;/api/bookable-services/:param/schedules/:param
src/lib/servicios/api.ts;28;DELETE;/api/bookable-services/:param/schedules/:param
src/lib/servicios/api.ts;32;GET;/api/bookable-services/:param/resource-locks
src/lib/servicios/api.ts;34;PUT;/api/bookable-services/:param/resource-locks
src/lib/servicios/api.ts;39;GET;/api/bookable-services/:param/rate-plans
src/lib/servicios/api.ts;41;POST;/api/bookable-services/:param/rate-plans
src/lib/servicios/api.ts;43;PUT;/api/bookable-services/:param/rate-plans/:param
src/lib/servicios/api.ts;45;DELETE;/api/bookable-services/:param/rate-plans/:param
src/lib/sistema/api.ts;6;GET;/api/system/outbox/dead-letter
src/lib/sistema/api.ts;7;POST;/api/system/outbox/:param/retry
src/lib/usuarios/api.ts;11;GET;/api/users
src/lib/usuarios/api.ts;12;POST;/api/users
src/lib/usuarios/api.ts;14;PUT;/api/users/:param
src/lib/usuarios/api.ts;15;DELETE;/api/users/:param
src/lib/usuarios/api.ts;20;GET;/api/roles
src/lib/usuarios/api.ts;21;GET;/api/roles/:param
src/lib/usuarios/api.ts;23;POST;/api/roles
src/lib/usuarios/api.ts;25;PUT;/api/roles/:param
src/lib/usuarios/api.ts;26;DELETE;/api/roles/:param
src/lib/usuarios/api.ts;33;GET;/api/users/invitations
src/lib/usuarios/api.ts;34;POST;/api/users/invitations
src/lib/usuarios/api.ts;35;POST;/api/users/invitations/:param/resend
src/lib/usuarios/api.ts;36;DELETE;/api/users/invitations/:param
src/lib/usuarios/api.ts;45;POST;/api/invitations/lookup
src/lib/usuarios/api.ts;47;POST;/api/invitations/accept
src/lib/usuarios/api.ts;54;POST;/api/users/:param/password-reset-link
src/lib/usuarios/api.ts;64;POST;/api/password-resets/request
src/lib/usuarios/api.ts;66;POST;/api/password-resets/lookup
src/lib/usuarios/api.ts;68;POST;/api/password-resets/accept
