archivo;linea;metodo;path;guard
src/api/routes/audit-log.routes.ts;31;GET;/;authorize(Roles.MANAGEMENT)
src/api/routes/auth.routes.ts;211;POST;/;SIN-GUARD
src/api/routes/auth.routes.ts;270;POST;/select-business;SIN-GUARD
src/api/routes/auth.routes.ts;314;POST;/google;SIN-GUARD
src/api/routes/business-profile.routes.ts;39;GET;/;authorize(Roles.MANAGEMENT)
src/api/routes/business-profile.routes.ts;45;PUT;/;authorize(Roles.MANAGEMENT)
src/api/routes/customer.routes.ts;328;POST;/:businessSlug/register;SIN-GUARD
src/api/routes/customer.routes.ts;363;POST;/:businessSlug/login;SIN-GUARD
src/api/routes/customer.routes.ts;400;POST;/:businessSlug/login/google;SIN-GUARD
src/api/routes/customer.routes.ts;434;GET;/:businessSlug/availability;SIN-GUARD
src/api/routes/customer.routes.ts;495;POST;/logout;authorize(Roles.CUSTOMER_ONLY)
src/api/routes/customer.routes.ts;534;GET;/me;handler:requireCustomerId
src/api/routes/customer.routes.ts;569;POST;/refresh;use:authenticate(), authorize(Roles.CUSTOMER_ONLY)
src/api/routes/customer.routes.ts;593;DELETE;/me;handler:requireCustomerId
src/api/routes/customer.routes.ts;626;GET;/me/reservations;handler:requireCustomerId
src/api/routes/customer.routes.ts;645;POST;/me/reservations;handler:requireCustomerId
src/api/routes/customer.routes.ts;685;PATCH;/me/reservations/:id;handler:requireCustomerId
src/api/routes/customer.routes.ts;742;POST;/me/reservations/:id/cancel;handler:requireCustomerId
src/api/routes/locations.routes.ts;29;GET;/;authorize(Roles.STAFF)
src/api/routes/locations.routes.ts;40;POST;/;authorize(Roles.MANAGEMENT)
src/api/routes/me.routes.ts;54;GET;/me;SIN-GUARD
src/api/routes/me.routes.ts;81;POST;/logout;SIN-GUARD
src/api/routes/me.routes.ts;86;POST;/refresh;SIN-GUARD
src/api/routes/reports.routes.ts;36;GET;/occupancy;authorize(Roles.MANAGEMENT)
src/api/routes/reports.routes.ts;54;GET;/occupancy/summary;authorize(Roles.MANAGEMENT)
src/api/routes/reports.routes.ts;77;GET;/occupancy/by-category;authorize(Roles.MANAGEMENT)
src/api/routes/reports.routes.ts;99;GET;/occupancy/underutilized;authorize(Roles.MANAGEMENT)
src/api/routes/reports.routes.ts;122;GET;/accounts-receivable;authorize(Roles.MANAGEMENT)
src/api/routes/reports.routes.ts;140;GET;/pos/sales-by-product;authorize(Roles.MANAGEMENT)
src/api/routes/reports.routes.ts;158;GET;/pos/waste;authorize(Roles.MANAGEMENT)
src/api/routes/reports.routes.ts;176;GET;/pos/ticket-summary;authorize(Roles.MANAGEMENT)
src/api/routes/reports.routes.ts;194;GET;/crm/new-vs-recurring;authorize(Roles.MANAGEMENT)
src/api/routes/reports.routes.ts;212;GET;/crm/applied-rates;authorize(Roles.MANAGEMENT)
src/api/routes/reports.routes.ts;230;DELETE;/occupancy/purge;authorize(Roles.MANAGEMENT)
src/api/routes/system.routes.ts;26;GET;/outbox/dead-letter;authorize(Roles.MANAGEMENT)
src/api/routes/system.routes.ts;45;POST;/outbox/:id/retry;authorize(Roles.MANAGEMENT)
src/clientes-finanzas/accounts-receivable.routes.ts;39;GET;/;authorize(Roles.MANAGEMENT)
src/clientes-finanzas/accounts-receivable.routes.ts;55;POST;/:id/mark-invoiced;authorize(Roles.MANAGEMENT)
src/clientes-finanzas/accounts-receivable.routes.ts;68;POST;/:id/mark-collected;authorize(Roles.MANAGEMENT)
src/clientes-finanzas/cash-register.routes.ts;60;GET;/current;authorize(Roles.FRONT_DESK)
src/clientes-finanzas/cash-register.routes.ts;72;GET;/;authorize(Roles.FRONT_DESK)
src/clientes-finanzas/cash-register.routes.ts;87;GET;/:id;authorize(Roles.FRONT_DESK)
src/clientes-finanzas/cash-register.routes.ts;98;POST;/open;authorize(Roles.FRONT_DESK)
src/clientes-finanzas/cash-register.routes.ts;119;POST;/close;authorize(Roles.FRONT_DESK)
src/clientes-finanzas/customers.routes.ts;231;GET;/:id;authorize(Roles.FRONT_DESK)
src/clientes-finanzas/customers.routes.ts;250;PATCH;/:id;authorize(Roles.FRONT_DESK)
src/clientes-finanzas/customers.routes.ts;327;GET;/:id/tax-profile;authorize(Roles.MANAGEMENT)
src/clientes-finanzas/customers.routes.ts;340;PUT;/:id/tax-profile;authorize(Roles.MANAGEMENT)
src/clientes-finanzas/customers.routes.ts;377;GET;/:id/billing-policy;authorize(Roles.MANAGEMENT)
src/clientes-finanzas/customers.routes.ts;390;PUT;/:id/billing-policy;authorize(Roles.MANAGEMENT)
src/clientes-finanzas/customers.routes.ts;427;POST;/padron/lookup-by-cuit;authorize(Roles.MANAGEMENT)
src/clientes-finanzas/customers.routes.ts;442;POST;/padron/lookup-by-dni;authorize(Roles.MANAGEMENT)
src/clientes-finanzas/customers.routes.ts;459;GET;/padron/iva-receptor-types;authorize(Roles.MANAGEMENT)
src/clientes-finanzas/customers.routes.ts;473;POST;/:id/tags;authorize(Roles.FRONT_DESK)
src/clientes-finanzas/customers.routes.ts;497;DELETE;/:id/tags/:tagId;authorize(Roles.FRONT_DESK)
src/clientes-finanzas/customers.routes.ts;514;GET;/;authorize(Roles.FRONT_DESK)
src/clientes-finanzas/customers.routes.ts;556;POST;/search;authorize(Roles.FRONT_DESK)
src/clientes-finanzas/customers.routes.ts;577;POST;/search-by-tax-id;authorize(Roles.FRONT_DESK)
src/clientes-finanzas/customers.routes.ts;591;POST;/;authorize(Roles.FRONT_DESK)
src/clientes-finanzas/customers.routes.ts;647;GET;/:id/rates;authorize(Roles.FRONT_DESK)
src/clientes-finanzas/customers.routes.ts;660;POST;/:id/rates;authorize(Roles.MANAGEMENT)
src/clientes-finanzas/customers.routes.ts;762;DELETE;/:id/rates/:rateId;authorize(Roles.MANAGEMENT)
src/clientes-finanzas/customers.routes.ts;812;GET;/:id/account;authorize(Roles.FRONT_DESK)
src/clientes-finanzas/customers.routes.ts;826;GET;/:id/outstanding-invoices;authorize(Roles.FRONT_DESK)
src/clientes-finanzas/customers.routes.ts;841;POST;/:id/payments;authorize(Roles.FRONT_DESK)
src/clientes-finanzas/rate-catalog.routes.ts;52;GET;/;authorize(Roles.FRONT_DESK)
src/clientes-finanzas/rate-catalog.routes.ts;59;POST;/;authorize(Roles.MANAGEMENT)
src/clientes-finanzas/rate-catalog.routes.ts;113;PUT;/:id;authorize(Roles.MANAGEMENT)
src/clientes-finanzas/rate-catalog.routes.ts;122;DELETE;/:id;authorize(Roles.MANAGEMENT)
src/facturacion/invoices.routes.ts;71;POST;/;authorize(Roles.FRONT_DESK)
src/facturacion/invoices.routes.ts;96;POST;/consolidated;authorize(Roles.MANAGEMENT)
src/facturacion/invoices.routes.ts;116;GET;/:id;authorize(Roles.FRONT_DESK)
src/facturacion/invoices.routes.ts;134;GET;/:id/pdf;authorize(Roles.FRONT_DESK)
src/facturacion/invoices.routes.ts;155;GET;/;authorize(Roles.FRONT_DESK)
src/facturacion/invoices.routes.ts;183;GET;/status;authorize(Roles.MANAGEMENT)
src/facturacion/invoices.routes.ts;195;PUT;/;authorize(Roles.MANAGEMENT)
src/facturacion/invoices.routes.ts;209;DELETE;/;authorize(Roles.MANAGEMENT)
src/platform/admin.routes.ts;63;POST;/repair-tenant-db;use:authenticatePlatform(), authorizePlatform([PlatformRole.SUPERADMIN])
src/platform/admin.routes.ts;124;POST;/set-tenant-url;use:authenticatePlatform(), authorizePlatform([PlatformRole.SUPERADMIN])
src/platform/business-context.routes.ts;51;GET;/;authorize(Roles.STAFF)
src/platform/business-hours.routes.ts;27;GET;/;authorize(Roles.BOOKING)
src/platform/business-hours.routes.ts;34;POST;/;authorize(Roles.MANAGEMENT)
src/platform/business-hours.routes.ts;54;DELETE;/:id;authorize(Roles.MANAGEMENT)
src/platform/business-modules.routes.ts;21;GET;/;SIN-GUARD
src/platform/business-plan-limits.routes.ts;23;GET;/;SIN-GUARD
src/platform/business.routes.ts;99;POST;/;SIN-GUARD
src/platform/companies.routes.ts;55;GET;/me;authorize(Roles.MANAGEMENT)
src/platform/companies.routes.ts;67;POST;/;authorize(Roles.MANAGEMENT)
src/platform/companies.routes.ts;82;POST;/link;authorize(Roles.MANAGEMENT)
src/platform/platform.routes.ts;92;POST;/login;SIN-GUARD
src/platform/platform.routes.ts;122;GET;/stats;use:authenticatePlatform(), authorizePlatform([PlatformRole.SUPERADMIN])
src/platform/platform.routes.ts;147;GET;/businesses;use:authenticatePlatform(), authorizePlatform([PlatformRole.SUPERADMIN])
src/platform/platform.routes.ts;161;POST;/businesses;use:authenticatePlatform(), authorizePlatform([PlatformRole.SUPERADMIN])
src/platform/platform.routes.ts;191;GET;/businesses/:id;use:authenticatePlatform(), authorizePlatform([PlatformRole.SUPERADMIN])
src/platform/platform.routes.ts;205;PATCH;/businesses/:id/status;use:authenticatePlatform(), authorizePlatform([PlatformRole.SUPERADMIN])
src/platform/platform.routes.ts;263;PATCH;/businesses/:id/plan;use:authenticatePlatform(), authorizePlatform([PlatformRole.SUPERADMIN])
src/platform/platform.routes.ts;341;POST;/businesses/:id/provision;use:authenticatePlatform(), authorizePlatform([PlatformRole.SUPERADMIN])
src/platform/platform.routes.ts;374;GET;/plan-limits;use:authenticatePlatform(), authorizePlatform([PlatformRole.SUPERADMIN])
src/platform/platform.routes.ts;383;PUT;/plan-limits/:plan;use:authenticatePlatform(), authorizePlatform([PlatformRole.SUPERADMIN])
src/platform/platform.routes.ts;426;GET;/role-presets;use:authenticatePlatform(), authorizePlatform([PlatformRole.SUPERADMIN])
src/platform/platform.routes.ts;435;PUT;/role-presets/:name;use:authenticatePlatform(), authorizePlatform([PlatformRole.SUPERADMIN])
src/pms-estadias/housekeeping.routes.ts;47;GET;/;authorize(Roles.STAFF)
src/pms-estadias/housekeeping.routes.ts;76;GET;/me;authorize(Roles.STAFF)
src/pms-estadias/housekeeping.routes.ts;93;GET;/late-checkouts;authorize(Roles.STAFF)
src/pms-estadias/housekeeping.routes.ts;119;GET;/status/:status;authorize(Roles.HOUSEKEEPING_AND_MANAGEMENT)
src/pms-estadias/housekeeping.routes.ts;135;GET;/resource/:resourceId;authorize(Roles.STAFF)
src/pms-estadias/housekeeping.routes.ts;151;GET;/:id;authorize(Roles.STAFF)
src/pms-estadias/housekeeping.routes.ts;168;POST;/;authorize(Roles.MANAGEMENT)
src/pms-estadias/housekeeping.routes.ts;188;POST;/:id/assign;authorize(Roles.MANAGEMENT)
src/pms-estadias/housekeeping.routes.ts;206;POST;/:id/start;authorize(Roles.STAFF)
src/pms-estadias/housekeeping.routes.ts;219;POST;/:id/complete;authorize(Roles.STAFF)
src/pms-estadias/housekeeping.routes.ts;236;POST;/:id/inspect;authorize(Roles.HOUSEKEEPING_AND_MANAGEMENT)
src/pms-estadias/maintenance-windows.routes.ts;30;GET;/;authorize(Roles.STAFF)
src/pms-estadias/maintenance-windows.routes.ts;42;GET;/resource/:resourceId;authorize(Roles.STAFF)
src/pms-estadias/maintenance-windows.routes.ts;59;POST;/;authorize(Roles.MANAGEMENT)
src/pms-estadias/maintenance-windows.routes.ts;79;POST;/:id/close;authorize(Roles.MANAGEMENT)
src/pms-estadias/stays.routes.ts;42;GET;/;authorize(Roles.FRONT_DESK)
src/pms-estadias/stays.routes.ts;54;GET;/reservation/:reservationId;authorize(Roles.FRONT_DESK)
src/pms-estadias/stays.routes.ts;73;GET;/resource/:resourceId;authorize(Roles.STAFF)
src/pms-estadias/stays.routes.ts;92;GET;/:id;authorize(Roles.FRONT_DESK)
src/pms-estadias/stays.routes.ts;111;POST;/check-in;authorize(Roles.FRONT_DESK)
src/pms-estadias/stays.routes.ts;143;POST;/:id/check-out;authorize(Roles.FRONT_DESK)
src/pms-estadias/stays.routes.ts;161;POST;/:id/no-show;authorize(Roles.FRONT_DESK)
src/pms-estadias/stays.routes.ts;176;GET;/:id/folio;authorize(Roles.FRONT_DESK)
src/pms-estadias/stays.routes.ts;193;POST;/:id/transfer-to-receivable;authorize(Roles.MANAGEMENT)
src/pos-menu/consumption-destinations.routes.ts;47;GET;/;authorize(Roles.MANAGEMENT)
src/pos-menu/consumption-destinations.routes.ts;55;GET;/:id;authorize(Roles.MANAGEMENT)
src/pos-menu/consumption-destinations.routes.ts;63;POST;/;authorize(Roles.MANAGEMENT)
src/pos-menu/consumption-destinations.routes.ts;75;PUT;/:id;authorize(Roles.MANAGEMENT)
src/pos-menu/consumption-destinations.routes.ts;94;DELETE;/:id;authorize(Roles.MANAGEMENT)
src/pos-menu/orders.routes.ts;131;GET;/;authorize(Roles.ORDERS)
src/pos-menu/orders.routes.ts;153;POST;/;authorize(Roles.BOOKING)
src/pos-menu/orders.routes.ts;175;GET;/:id;authorize(Roles.ORDERS)
src/pos-menu/orders.routes.ts;188;POST;/:id/confirm;authorize(Roles.ORDERS)
src/pos-menu/orders.routes.ts;206;POST;/:id/serve;authorize(Roles.ORDERS)
src/pos-menu/orders.routes.ts;223;POST;/:id/complete;authorize(Roles.ORDERS)
src/pos-menu/orders.routes.ts;249;POST;/:id/cancel;authorize(Roles.ORDERS)
src/pos-menu/orders.routes.ts;261;PATCH;/:id/notes;authorize(Roles.ORDERS)
src/pos-menu/orders.routes.ts;275;POST;/:id/items;authorize(Roles.BOOKING)
src/pos-menu/orders.routes.ts;295;DELETE;/:id/items/:itemId;authorize(Roles.ORDERS)
src/pos-menu/products.routes.ts;172;GET;/;authorize(Roles.MANAGEMENT)
src/pos-menu/products.routes.ts;192;POST;/;authorize(Roles.MANAGEMENT)
src/pos-menu/products.routes.ts;231;GET;/company-catalog;authorize(Roles.MANAGEMENT)
src/pos-menu/products.routes.ts;239;GET;/:id;authorize(Roles.MANAGEMENT)
src/pos-menu/products.routes.ts;258;PUT;/:id;authorize(Roles.MANAGEMENT)
src/pos-menu/products.routes.ts;275;DELETE;/:id;authorize(Roles.MANAGEMENT)
src/pos-menu/products.routes.ts;284;GET;/:id/variants;authorize(Roles.MANAGEMENT)
src/pos-menu/products.routes.ts;295;POST;/:id/variants;authorize(Roles.MANAGEMENT)
src/pos-menu/products.routes.ts;315;PUT;/:id/variants/:variantId;authorize(Roles.MANAGEMENT)
src/pos-menu/products.routes.ts;332;DELETE;/:id/variants/:variantId;authorize(Roles.MANAGEMENT)
src/pos-menu/products.routes.ts;344;GET;/:id/recipe-items;authorize(Roles.MANAGEMENT)
src/pos-menu/products.routes.ts;353;POST;/:id/recipe-items;authorize(Roles.MANAGEMENT)
src/pos-menu/products.routes.ts;373;PUT;/:id/recipe-items/:itemId;authorize(Roles.MANAGEMENT)
src/pos-menu/products.routes.ts;390;DELETE;/:id/recipe-items/:itemId;authorize(Roles.MANAGEMENT)
src/pos-menu/products.routes.ts;404;POST;/:id/stock/decrement;authorize(Roles.ORDERS)
src/pos-menu/products.routes.ts;420;POST;/:id/variants/:variantId/stock/decrement;authorize(Roles.ORDERS)
src/pos-menu/products.routes.ts;453;POST;/stock/transfer;authorize(Roles.MANAGEMENT)
src/pos-menu/products.routes.ts;525;POST;/stock/waste;authorize(Roles.MANAGEMENT)
src/pos-menu/products.routes.ts;614;POST;/stock/consumption;authorize(Roles.MANAGEMENT)
src/pos-menu/products.routes.ts;712;POST;/stock/production;authorize(Roles.MANAGEMENT)
src/pos-menu/products.routes.ts;775;POST;/:id/company/share;authorize(Roles.MANAGEMENT)
src/pos-menu/products.routes.ts;786;POST;/:id/company/publish;authorize(Roles.MANAGEMENT)
src/pos-menu/products.routes.ts;794;POST;/:id/company/price-override/activate;authorize(Roles.MANAGEMENT)
src/pos-menu/products.routes.ts;802;POST;/:id/company/price-override/deactivate;authorize(Roles.MANAGEMENT)
src/pos-menu/products.routes.ts;811;POST;/:id/company/price-override/accept;authorize(Roles.MANAGEMENT)
src/pos-menu/products.routes.ts;820;POST;/:id/company/price-override/reject;authorize(Roles.MANAGEMENT)
src/pos-menu/products.routes.ts;828;POST;/:id/company/recipe-override/activate;authorize(Roles.MANAGEMENT)
src/pos-menu/products.routes.ts;836;POST;/:id/company/recipe-override/deactivate;authorize(Roles.MANAGEMENT)
src/pos-menu/products.routes.ts;844;POST;/:id/company/recipe-override/accept;authorize(Roles.MANAGEMENT)
src/pos-menu/products.routes.ts;852;POST;/:id/company/recipe-override/reject;authorize(Roles.MANAGEMENT)
src/pos-menu/waste-reasons.routes.ts;48;GET;/;authorize(Roles.MANAGEMENT)
src/pos-menu/waste-reasons.routes.ts;56;GET;/:id;authorize(Roles.MANAGEMENT)
src/pos-menu/waste-reasons.routes.ts;64;POST;/;authorize(Roles.MANAGEMENT)
src/pos-menu/waste-reasons.routes.ts;76;PUT;/:id;authorize(Roles.MANAGEMENT)
src/pos-menu/waste-reasons.routes.ts;95;DELETE;/:id;authorize(Roles.MANAGEMENT)
src/reservas/bookable-services.routes.ts;119;GET;/;authorize(Roles.BOOKING)
src/reservas/bookable-services.routes.ts;127;POST;/;authorize(Roles.MANAGEMENT)
src/reservas/bookable-services.routes.ts;136;GET;/:id;authorize(Roles.BOOKING)
src/reservas/bookable-services.routes.ts;144;PUT;/:id;authorize(Roles.MANAGEMENT)
src/reservas/bookable-services.routes.ts;153;DELETE;/:id;authorize(Roles.MANAGEMENT)
src/reservas/bookable-services.routes.ts;161;GET;/:id/schedules;authorize(Roles.BOOKING)
src/reservas/bookable-services.routes.ts;169;POST;/:id/schedules;authorize(Roles.MANAGEMENT)
src/reservas/bookable-services.routes.ts;178;PUT;/:id/schedules/:scheduleId;authorize(Roles.MANAGEMENT)
src/reservas/bookable-services.routes.ts;187;DELETE;/:id/schedules/:scheduleId;authorize(Roles.MANAGEMENT)
src/reservas/bookable-services.routes.ts;198;GET;/:id/rate-plans;authorize(Roles.BOOKING)
src/reservas/bookable-services.routes.ts;206;POST;/:id/rate-plans;authorize(Roles.MANAGEMENT)
src/reservas/bookable-services.routes.ts;215;PUT;/:id/rate-plans/:ratePlanId;authorize(Roles.MANAGEMENT)
src/reservas/bookable-services.routes.ts;225;DELETE;/:id/rate-plans/:ratePlanId;authorize(Roles.MANAGEMENT)
src/reservas/bookable-services.routes.ts;235;GET;/:id/resource-locks;authorize(Roles.STAFF)
src/reservas/bookable-services.routes.ts;245;PUT;/:id/resource-locks;authorize(Roles.MANAGEMENT)
src/reservas/bookable-services.routes.ts;256;GET;/:id/available-slots;authorize(Roles.BOOKING)
src/reservas/cancellation-policies.routes.ts;45;GET;/;authorize(Roles.MANAGEMENT)
src/reservas/cancellation-policies.routes.ts;53;GET;/:id;authorize(Roles.MANAGEMENT)
src/reservas/cancellation-policies.routes.ts;61;POST;/;authorize(Roles.MANAGEMENT)
src/reservas/cancellation-policies.routes.ts;73;PUT;/:id;authorize(Roles.MANAGEMENT)
src/reservas/cancellation-policies.routes.ts;93;DELETE;/:id;authorize(Roles.MANAGEMENT)
src/reservas/categories.routes.ts;80;GET;/;SIN-GUARD
src/reservas/categories.routes.ts;91;GET;/:id;SIN-GUARD
src/reservas/categories.routes.ts;102;POST;/;authorize(Roles.MANAGEMENT)
src/reservas/categories.routes.ts;167;PUT;/:id;authorize(Roles.MANAGEMENT)
src/reservas/categories.routes.ts;193;DELETE;/:id;authorize(Roles.MANAGEMENT)
src/reservas/reservations.routes.ts;224;GET;/;authorize(Roles.FRONT_DESK)
src/reservas/reservations.routes.ts;253;POST;/search;authorize(Roles.FRONT_DESK)
src/reservas/reservations.routes.ts;277;GET;/:id;authorize(Roles.FRONT_DESK)
src/reservas/reservations.routes.ts;295;POST;/;authorize(Roles.BOOKING)
src/reservas/reservations.routes.ts;356;PUT;/:id;authorize(Roles.FRONT_DESK)
src/reservas/reservations.routes.ts;382;GET;/:id/price-preview;authorize(Roles.FRONT_DESK)
src/reservas/reservations.routes.ts;403;POST;/:id/confirm-price-adjustment;authorize(Roles.MANAGEMENT)
src/reservas/reservations.routes.ts;420;POST;/:id/confirm;authorize(Roles.FRONT_DESK)
src/reservas/reservations.routes.ts;436;POST;/:id/cancel;authorize(Roles.FRONT_DESK)
src/reservas/reservations.routes.ts;453;GET;/:id/cancellation-refund/preview;authorize(Roles.FRONT_DESK)
src/reservas/reservations.routes.ts;472;POST;/:id/cancellation-refund/confirm;authorize(Roles.FRONT_DESK)
src/reservas/reservations.routes.ts;489;POST;/:id/complete;authorize(Roles.FRONT_DESK)
src/reservas/reservations.routes.ts;507;POST;/:id/schedule-request;authorize(Roles.BOOKING)
src/reservas/reservations.routes.ts;526;POST;/:id/schedule-request/approve;authorize(Roles.FRONT_DESK)
src/reservas/reservations.routes.ts;546;POST;/:id/schedule-request/reject;authorize(Roles.FRONT_DESK)
src/reservas/resources.routes.ts;120;GET;/;authorize(Roles.STAFF)
src/reservas/resources.routes.ts;132;GET;/:id;authorize(Roles.STAFF)
src/reservas/resources.routes.ts;148;POST;/;authorize(Roles.MANAGEMENT)
src/reservas/resources.routes.ts;196;PUT;/:id;authorize(Roles.MANAGEMENT)
src/reservas/resources.routes.ts;280;DELETE;/:id;authorize(Roles.MANAGEMENT)
src/reservas/resources.routes.ts;320;GET;/:id/hours;authorize(Roles.BOOKING)
src/reservas/resources.routes.ts;331;POST;/:id/hours;authorize(Roles.MANAGEMENT)
src/reservas/resources.routes.ts;360;DELETE;/:id/hours/:hourId;authorize(Roles.MANAGEMENT)
src/usuarios-roles/password-reset.routes.ts;133;POST;/request;SIN-GUARD
src/usuarios-roles/password-reset.routes.ts;181;POST;/lookup;SIN-GUARD
src/usuarios-roles/password-reset.routes.ts;200;POST;/accept;SIN-GUARD
src/usuarios-roles/roles.routes.ts;96;GET;/;authorize(Roles.MANAGEMENT)
src/usuarios-roles/roles.routes.ts;103;GET;/:id;authorize(Roles.MANAGEMENT)
src/usuarios-roles/roles.routes.ts;110;POST;/;authorize(Roles.MANAGEMENT)
src/usuarios-roles/roles.routes.ts;138;PUT;/:id;authorize(Roles.MANAGEMENT)
src/usuarios-roles/roles.routes.ts;169;DELETE;/:id;authorize(Roles.MANAGEMENT)
src/usuarios-roles/user-invitation.routes.ts;105;GET;/;authorize(Roles.MANAGEMENT)
src/usuarios-roles/user-invitation.routes.ts;113;POST;/;authorize(Roles.MANAGEMENT)
src/usuarios-roles/user-invitation.routes.ts;203;POST;/:id/resend;authorize(Roles.MANAGEMENT)
src/usuarios-roles/user-invitation.routes.ts;225;DELETE;/:id;authorize(Roles.MANAGEMENT)
src/usuarios-roles/user-invitation.routes.ts;268;POST;/lookup;SIN-GUARD
src/usuarios-roles/user-invitation.routes.ts;293;POST;/accept;SIN-GUARD
src/usuarios-roles/users.routes.ts;109;GET;/;authorize(Roles.MANAGEMENT)
src/usuarios-roles/users.routes.ts;122;GET;/:id;authorize(Roles.MANAGEMENT)
src/usuarios-roles/users.routes.ts;142;POST;/;authorize(Roles.MANAGEMENT)
src/usuarios-roles/users.routes.ts;255;PUT;/:id;authorize(Roles.MANAGEMENT)
src/usuarios-roles/users.routes.ts;372;POST;/:id/password-reset-link;authorize(Roles.MANAGEMENT)
src/usuarios-roles/users.routes.ts;404;DELETE;/:id;authorize(Roles.OWNER_ONLY)
src/usuarios-roles/users.routes.ts;426;POST;/:id/reactivate;authorize(Roles.MANAGEMENT)
