prefijo;router;linea
/platform;createPlatformRouter;263
/register;createBusinessRouter;268
/api/login;createAuthRouter;269
/api/customer;createCustomerRouter;274
/api;createAdminRouter;279
/api/admin;createAdminRouter;290
/api/invitations;createInvitationAcceptanceRouter;296
/api/password-resets;createPasswordResetRouter;306
/api;createCompaniesRouter;316
/api/companies;createCompaniesRouter;326
/api/auth;createMeRouter;330
/api/business/modules;createBusinessModulesRouter;334
/api/business/plan-limits;createBusinessPlanLimitsRouter;339
/api;createResourcesRouter;349
/api/resources;createResourcesRouter;354
/api/locations;createLocationsRouter;355
/api/reservations;createReservationsRouter;356
/api/cancellation-policies;createCancellationPoliciesRouter;357
/api/customers;createCustomersRouter;358
/api/rate-catalog;createRateCatalogRouter;359
/api/users/invitations;createUserInvitationsRouter;363
/api/users;createUsersRouter;364
/api/roles;createRolesRouter;365
/api/categories;createCategoryRouter;366
/api/products;createProductsRouter;367
/api/orders;createOrdersRouter;368
/api/waste-reasons;createWasteReasonsRouter;369
/api/consumption-destinations;createConsumptionDestinationsRouter;370
/api/bookable-services;createBookableServicesRouter;371
/api/business-hours;createBusinessHoursRouter;372
/api/business-profile/afip-credentials;createAfipCredentialsRouter;377
/api/business-profile;createBusinessProfileRouter;378
/api/business/context;createBusinessContextRouter;383
/api/invoices;createInvoicesRouter;384
/api/audit-log;createAuditLogRouter;385
/api/cash-register;createCashRegisterRouter;386
/api/reports;createReportsRouter;392
/api/system;createSystemRouter;422
/api/housekeeping;createHousekeepingRouter;431
/api/maintenance-windows;createMaintenanceWindowsRouter;445
/api/stays;createStaysRouter;464
/api/accounts-receivable;createAccountsReceivableRouter;490
