tabla;carpetas;hits
accounts_receivable;clientes-finanzas(14),facturacion(7),platform(2),domain(1);24
afip_tickets;facturacion(6),platform(1);7
audit_log;platform(5),clientes-finanzas(3),repositories(3),usuarios-roles(3),api(3),pos-menu(2),facturacion(1);20
billing_policies;clientes-finanzas(2),platform(1);3
bookable_services;reservas(6),clientes-finanzas(1);7
business_hours;platform(6);6
business_profile;platform(15),facturacion(8),reservas(6),clientes-finanzas(4),domain(3),repositories(3),business-context(2),app.ts(1),email(1),pms-estadias(1),pos-menu(1),api(1);46
cancellation_policies;reservas(7),domain(1),platform(1);9
cash_register_shifts;clientes-finanzas(10),domain(1),platform(1);12
consumption_destinations;repositories(8),pos-menu(1);9
customer_addresses;clientes-finanzas(5);5
customer_contact_methods;clientes-finanzas(9);9
customer_rates;clientes-finanzas(10),reservas(2),platform(1),pos-menu(1);14
customer_tags;clientes-finanzas(3);3
customer_tax_profiles;clientes-finanzas(11),facturacion(3),domain(1),platform(1),reservas(1),api(1);18
customers;clientes-finanzas(61),app.ts(3),platform(3),api(3),domain(2),pos-menu(2),reservas(2);76
deposit_policies;reservas(7),domain(1),platform(1);9
domain_events;repositories(7),workers(5),platform(2),api(1);15
financial_transactions;clientes-finanzas(22),facturacion(7),platform(6),pos-menu(2),reservas(2),workers(2),domain(1),email(1);43
housekeeping_tasks;pms-estadias(12),platform(2);14
inventory_levels;repositories(14),pos-menu(5),platform(1);20
invoice_charges;facturacion(5),platform(1);6
invoice_items;facturacion(6),platform(1);7
invoices;facturacion(31),clientes-finanzas(7),platform(5),app.ts(2),domain(1),reservas(1),usuarios-roles(1);48
locations;platform(11),api(6),reservas(4),app.ts(2);23
maintenance_windows;pms-estadias(7),domain(1),platform(1);9
number_sequences;repositories(3),platform(1);4
occupancy_records;reservas(12),platform(1);13
order_items;pos-menu(22),facturacion(4),platform(3),reservas(3);32
orders;pos-menu(68),api(6),app.ts(3),clientes-finanzas(3),platform(2),db(1);83
processed_events;workers(9),repositories(4),platform(1);14
product_variants;pos-menu(15),repositories(3),platform(2),api(1);21
products;pos-menu(87),platform(11),repositories(5),api(5),app.ts(3),facturacion(2),clientes-finanzas(1),domain(1);115
rate_catalog;clientes-finanzas(18),platform(1),reservas(1);20
rate_plans;reservas(5),platform(2);7
recipe_items;repositories(11),platform(4),pos-menu(4),domain(1);20
reservation_lines;reservas(9);9
reservations;reservas(79),api(22),clientes-finanzas(8),platform(8),openapi(6),scripts(5),app.ts(3),pms-estadias(3),db(1),domain(1),pos-menu(1),security(1),workers(1);139
resource_categories;reservas(21),clientes-finanzas(4),platform(2),pos-menu(2),config(1),domain(1);31
resource_hours;platform(6);6
resource_locks;reservas(20),domain(1),pms-estadias(1),repositories(1),api(1);24
resources;reservas(42),openapi(8),api(8),app.ts(3),domain(3),pos-menu(3),clientes-finanzas(2),platform(2),types(2),config(1),pms-estadias(1);75
schema_migrations;platform(4),repositories(1);5
service_schedules;reservas(5);5
stays;pms-estadias(29),clientes-finanzas(4),app.ts(3),pos-menu(2),api(2),facturacion(1),platform(1),reservas(1);43
stock_movements;repositories(9),platform(5),workers(4),pos-menu(3),email(2);23
tags;openapi(29),clientes-finanzas(22),api(4),platform(1);56
users;usuarios-roles(46),app.ts(8),platform(8),config(5),clientes-finanzas(2),security(2),domain(1),reservas(1),api(1);74
waste_reasons;repositories(7),platform(1),pos-menu(1);9
